codigo;nombre;ubicacion;;
1;30-506 B;ARMARIO 4, PUERTA 4, LADO A, SUPERIOR IZQUIERDO;;
2;VW207 C;ARMARIO 4, PUERTA 4, LADO A, SUPERIOR IZQUIERDO;;
3;T50038;ARMARIO 4, PUERTA 4,  LADO A, SUPERIOR IZQUIERDO;;
4;T10170 A;ARMARIO 4, PUERTA 4,  LADO A, SUPERIOR DERECHO;;
5;T10389;ARMARIO 4, PUERTA 4,  LADO A, SUPERIOR DERECHO;;
6;T40187;ARMARIO 4, PUERTA 4,  LADO A, SUPERIOR DERECHO;;
7;VW 511;ARMARIO 4, PUERTA 4,  LADO A, SUPERIOR IZQUIERDO;;
8;3220;ARMARIO 4, PUERTA 4,  LADO A, SUPERIOR IZQUIERDO;;
9;T40064;ARMARIO 4, PUERTA 4,  LADO A, SUPERIOR IZQUIERDO;;
10;T50018;ARMARIO 4, PUERTA 4,  LADO A, SUPERIOR IZQUIERDO;;
11;3456;ARMARIO 4, PUERTA 4,  LADO A, SUPERIOR DERECHO;;
12;T10260;ARMARIO 4, PUERTA 4,  LADO A, SUPERIOR DERECHO;;
13;T40175;ARMARIO 4, PUERTA 4,  LADO A, SUPERIOR DERECHO;;
14;T10209;ARMARIO 4, PUERTA 4,  LADO A, SUPERIOR DERECHO;;
15;3356;ARMARIO 4, PUERTA 4,  LADO A, SUPERIOR DERECHO;;
16;VW442;ARMARIO 4, PUERTA 4,  LADO A, SUPERIOR IZQUIERDO;;
17;T10373;ARMARIO 4, PUERTA 4,  LADO A, SUPERIOR IZQUIERDO;;
18;T10374;ARMARIO 4, PUERTA 4,  LADO A, SUPERIOR IZQUIERDO;;
19;T10430 / 2;ARMARIO 4, PUERTA 4,  LADO A, SUPERIOR IZQUIERDO;;
20;T40195;ARMARIO 4, PUERTA 4,  LADO A, SUPERIOR IZQUIERDO;;
21;T10057;ARMARIO 4, PUERTA 4,  LADO A, SUPERIOR DERECHO;;
22;T40055;ARMARIO 4, PUERTA 4,  LADO A, SUPERIOR DERECHO;;
23;T10058 ;ARMARIO 4, PUERTA 4, LADO A, SUPERIOR DERECHO;;
24;3282 / 64;ARMARIO 4, PUERTA 4,  LADO A, SUPERIOR DERECHO;;
25;3221 / 1 A;ARMARIO 4, PUERTA 4,  LADO A, SUPERIOR DERECHO;;
26;T10185;ARMARIO 4, PUERTA 4,  LADO A, SUPERIOR DERECHO;;
28;VW510;ARMARIO 4, PUERTA 4,  LADO A, SUPERIOR IZQUIERDO;;
29;T10100;ARMARIO 4, PUERTA 4,  LADO A, SUPERIOR IZQUIERDO;;
30;3417  /  VAS 5505;ARMARIO 4, PUERTA 4,  LADO A, SUPERIOR IZQUIERDO;;
32;40-105;ARMARIO 4, PUERTA 4,  LADO A, SUPERIOR IZQUIERDO;;
33;3014;ARMARIO 4, PUERTA 1,  LADO A, SUPERIOR IZQUIERDO;;
34;3118;ARMARIO 4, PUERTA 1,  LADO A, SUPERIOR IZQUIERDO;;
35;VW455;ARMARIO 4, PUERTA 4,  LADO A, SUPERIOR IZQUIERDO;;
36;T10171A;ARMARIO 4, PUERTA 4,  LADO A, SUPERIOR DERECHO;;
37;3176;ARMARIO 4, PUERTA 1,  LADO A, SUPERIOR DERECHO;;
38;T10208 / 3;ARMARIO 4, PUERTA 4,  LADO A, CENTRO DERECHO;;
39;T10415;ARMARIO 4, PUERTA 4,  LADO A, SUPERIOR DERECHO;;
40;T10184;ARMARIO 4, PUERTA 4,  LADO A, SUPERIOR DERECHO;;
41;T50037;ARMARIO 4, PUERTA 4,  LADO A, SUPERIOR IZQUIERDO;;
42;40-21;ARMARIO 4, PUERTA 4,  LADO A, CENTRO IZQUIERDO;;
43;VW681;ARMARIO 4, PUERTA 4,  LADO A, SUPERIOR IZQUIERDO;;
44;T10165;ARMARIO 4, PUERTA 4,  LADO A, CENTRO  IZQUIERDO;;
45;T10264;ARMARIO 4, PUERTA 4,  LADO A, CENTRO IZQUIERDO;;
46;T40199;ARMARIO 4, PUERTA 4,  LADO A, CENTRO IZQUIERDO;;
47;VW418 A;ARMARIO 4, PUERTA 4,  LADO A, CENTRO IZQUIERDO;;
48;VW472 / 2;ARMARIO 4, PUERTA 4,  LADO A, CENTRO DERECHO;;
49;3409;ARMARIO 4, PUERTA 4,  LADO A, CENTRO DERECHO;;
50;T10259;ARMARIO 4, PUERTA 4,  LADO A, CENTRO DERECHO;;
51;T10180;ARMARIO 4, PUERTA 4,  LADO A, CENTRO DERECHO;;
52;T10265 / 2;ARMARIO 4, PUERTA 4,  LADO A, CENTRO DERECHO;;
53;2010;ARMARIO 4, PUERTA 1,  LADO A, CENTRO DERECHO;;
54;T10302;ARMARIO 4, PUERTA 4,  LADO A, CENTRO DERECHO;;
55;VAG1561 / 7 / 8;ARMARIO 4, PUERTA 4,  LADO A, CENTRO DERECHO;;
56;VAG1561 / 19;ARMARIO 4, PUERTA 4,  LADO A, CENTRO DERECHO;;
57;T10377;ARMARIO 4, PUERTA 4,  LADO A, CENTRO DERECHO;;
58;T10005;ARMARIO 4, PUERTA 4,  LADO A, CENTRO DERECHO;;
59;T10354;ARMARIO 4, PUERTA 4,  LADO A, CENTRO IZQUIERDO;;
60;VW295 A;ARMARIO 4, PUERTA 4,  LADO A, CENTRO IZQUIERDO;;
61;30-505;ARMARIO 4, PUERTA 4,  LADO A, CENTRO IZQUIERDO;;
62;T 10208/2;ARMARIO 4, PUERTA 4,  LADO A, CENTRO DERECHO;;
63;3365;ARMARIO 4, PUERTA 4,  LADO A, CENTRO IZQUIERDO;;
64;T50001;ARMARIO 4, PUERTA 4,  LADO A, CENTRO IZQUIERDO;;
65;VAS6362;ARMARIO 4, PUERTA 4,  LADO A, CENTRO IZQUIERDO;;
66;VW161A;ARMARIO 4, PUERTA 4,  LADO A, CENTRO IZQUIERDO;;
67;T10176;ARMARIO 4, PUERTA 4,  LADO A, SUPERIOR IZQUIERDO;;
68;VAG1275 A (NO. 424);ARMARIO 4, PUERTA 4,  LADO A, CENTRO DERECHO;;
69;T10118;ARMARIO 4, PUERTA 4,  LADO A, INFERIOR DERECHO;;
70;30-205;ARMARIO 4, PUERTA 4,  LADO A, CENTRO IZQUIERDO;;
71;VW433;ARMARIO 4, PUERTA 4,  LADO A, CENTRO IZQUIERDO;;
72;3392;ARMARIO 4, PUERTA 4,  LADO A, CENTRO IZQUIERDO;;
73;3217;ARMARIO 4, PUERTA 4,  LADO A, CENTRO INFERIOR;;
74;VAS6262 A;ARMARIO 4, TECHO UN TUBO DE LLENADO;;
75;T40010 ;ARMARIO 4, PUERTA 4,  LADO A, INFERIOR DERECHO;;
76;3282 / 63;ARMARIO 4, PUERTA 4,  LADO A, SUPERIOR DERECHO;;
77;VAS6262 / 7;ARMARIO 4, PUERTA 4,  LADO A, INFERIOR DERECHO;;
78;3362;ARMARIO 4, PUERTA 4,  LADO A, INFERIOR IZQUIERDO;;
79;T10052;ARMARIO 4, PUERTA 4,  LADO B, SUPERIOR IZQUIERDO;;
80;T40001;ARMARIO 4, PUERTA 4,  LADO B, SUPERIOR IZQUIERDO;;
81;T10055;ARMARIO 4, PUERTA 4,  LADO B, SUPERIOR IZQUIERDO;;
82;3180;ARMARIO 4, PUERTA 4,  LADO B, SUPERIOR IZQUIERDO;;
83;VAG1687 / 13-1;ARMARIO 4, PUERTA 4,  LADO B, SUPERIOR DERECHO;;
84;T10079;ARMARIO 4, PUERTA 4,  LADO B, SUPERIOR DERECHO;;
85;VW207;ARMARIO 4, PUERTA 4, LADO B, SUPERIOR DERECHO;;
86;VW5010 B / 3;ARMARIO 4, PUERTA 4,  LADO B, SUPERIOR DERECHO;;
87;3420;ARMARIO 4, PUERTA 4, LADO B, SUPERIOR DERECHO;;
88;3094;ARMARIO 4, PUERTA 4,  LADO B, SUPERIOR DERECHO;;
89;VAS 6262 / 4;ARMARIO 4, PUERTA 4,  LADO B, SUPERIOR DERECHO;;
90;3083;ARMARIO 4, PUERTA 4,  LADO B, SUPERIOR DERECHO;;
92;T10177;ARMARIO 4, PUERTA 4,  LADO B, SUPERIOR IZQUIERDO;;
93;T10175;ARMARIO 4, PUERTA 4,  LADO B, SUPERIOR IZQUIERDO;;
94;12-551;ARMARIO 4, PUERTA 4,  LADO A, INFERIOR DERECHO;;
95;T10384;ARMARIO 4, PUERTA 4,  LADO B, SUPERIOR IZQUIERDO;;
96;T10161;ARMARIO 4, PUERTA 4,  LADO B, SUPERIOR IZQUIERDO;;
97;T10013;ARMARIO 4, PUERTA 4,  LADO B, SUPERIOR IZQUIERDO;;
98;T10093;ARMARIO 4, PUERTA 4,  LADO B, SUPERIOR IZQUIERDO;;
99;3411;ARMARIO 4, PUERTA 4,  LADO B, SUPERIOR IZQUIERDO;;
100;T10162;ARMARIO 4, PUERTA 4,  LADO B, SUPERIOR IZQUIERDO  ;;
101;T40012;ARMARIO 4, PUERTA 4,  LADO B, SUPERIOR IZQUIERDO;;
102;VW416 B;ARMARIO 4, PUERTA 4,  LADO B, SUPERIOR IZQUIERDO;;
103;VW422;ARMARIO 4, PUERTA 4,  LADO B, SUPERIOR DERECHO;;
104;T10108 / 1;ARMARIO 4, PUERTA 4,  LADO B, SUPERIOR DERECHO;;
105;T10014;ARMARIO 4, PUERTA 4,  LADO B, SUPERIOR DERECHO;;
106;VAG1687 / 5;ARMARIO 4, PUERTA 4,  LADO B, SUPERIOR DERECHO;;
107;T10310;ARMARIO 4, PUERTA 4,  LADO B, SUPERIOR DERECHO;;
108;3390;ARMARIO 4, PUERTA 4,  LADO B, SUPERIOR DERECHO;;
109;VAG1687/12;ARMARIO 4, PUERTA 4,  LADO B, SUPERIOR DERECHO;;
110;3393;ARMARIO 4, PUERTA 4,  LADO B, SUPERIOR DERECHO;;
111;VAG1687 / 6;ARMARIO 4, PUERTA 4,  LADO B, SUPERIOR DERECHO;;
112;T10039;ARMARIO 4, PUERTA 4,  LADO B, SUPERIOR DERECHO;;
113;T40001 / 3;ARMARIO 4, PUERTA 4,  LADO B, CENTRO DERECHO;;
114;3450;ARMARIO 4, PUERTA 4,  LADO B, MEDIO MEDIO;;
115;3265;ARMARIO 4, PUERTA 1,  LADO B, CENTRO DERECHO;;
116;T10312;ARMARIO 4, PUERTA 4,  LADO B, CENTRO DERECHO;;
117;2080 / A;ARMARIO 4, PUERTA 4,  LADO B, CENTRO IZQUIERDO;;
118;VAG1687 / 11;ARMARIO 4, PUERTA 4,  LADO B, SUPERIOR IZQUIERDO;;
119;T10055 / 1;ARMARIO 4, PUERTA 4,  LADO B, CENTRO IZQUIERDO;;
120;3350;ARMARIO 4, PUERTA 4,  LADO B, SUPERIOR IZQUIERDO;;
121;VW411;ARMARIO 4, PUERTA 4,  LADO B, CENTRO IZQUIERDO;;
122;T10219 / 1;ARMARIO 4, PUERTA 4,  LADO B, CENTRO IZQUIERDO;;
123;T10071;ARMARIO 4, PUERTA 4,  LADO B, CENTRO IZQUIERDO;;
124;T10071 / 3;ARMARIO 4, PUERTA 4,  LADO B, CENTRO IZQUIERDO;;
125;VW 195;ARMARIO 4, PUERTA 4,  LADO B, CENTRO DERECHO;;
126;3310;ARMARIO 4, PUERTA 1,  LADO B, CENTRO DERECHO;;
127;3285;ARMARIO 4, PUERTA 1,  LADO B, CENTRO DERECHO;;
129;VW521 / 7;ARMARIO 4, PUERTA 4,  LADO B, CENTRO DERECHO;;
130;T40039;ARMARIO 4, PUERTA 4,  LADO B, CENTRO DERECHO;;
131;T10238;ARMARIO 4, PUERTA 4,  LADO B, CENTRO DERECHO;;
132;T10164 / 1;ARMARIO 4, PUERTA 4,  LADO B, CENTRO DERECHO;;
133;T30035;ARMARIO 4, PUERTA 4,  LADO B, CENTRO IZQUIERDO;;
134;T10122 / 1;ARMARIO 4, PUERTA 4,  LADO B, CENTRO IZQUIERDO;;
135;T10146;ARMARIO 4, PUERTA 4,  LADO B, CENTRO IZQUIERDO;;
136;10351 / 1;ARMARIO 4, PUERTA 1, LADO B, CENTRO IZQUIERDO;;
137;VW 412;ARMARIO 4, PUERTA 4,  LADO B, CENTRO IZQUIERDO;;
138;3350 / 2;ARMARIO 4, PUERTA 4,  LADO B, CENTRO IZQUIERDO;;
139;T10122 / 2;ARMARIO 4, PUERTA 4,  LADO B, CENTRO IZQUIERDO;;
140;T10122 / 3;ARMARIO 4, PUERTA 4,  LADO B, CENTRO DERECHO;;
141;T40001 / 7;ARMARIO 4, PUERTA 4,  LADO B, CENTRO DERECHO;;
142;T10055 / 2;ARMARIO 4, PUERTA 4,  LADO B, CENTRO DERECHO;;
143;10-203;ARMARIO 4, PUERTA 4,  LADO B, SUPERIOR DERECHO;;
144;T10015 / 1;ARMARIO 4, PUERTA 4,  LADO B, CENTRO DERECHO;;
145;2085;ARMARIO 4, PUERTA 1,  LADO B, CENTRO DERECHO;;
146;3203;ARMARIO 4, PUERTA 1,  LADO B, CENTRO DERECHO;;
147;3240;ARMARIO 4, PUERTA 1,  LADO B, CENTRO IZQUIERDO;;
148;T10352;ARMARIO 4, PUERTA 4,  LADO B, INFERIOR IZQUIERDO;;
149;T10164 / 2;ARMARIO 4, PUERTA 4,  LADO B, CENTRO IZQUIERDO;;
150;T02011;ARMARIO 4, PUERTA 4,  LADO B, INFERIOR DERECHO;;
151;3423;ARMARIO 4, PUERTA 4,  LADO B, INFERIOR DERECHO;;
152;T10159;ARMARIO 4, PUERTA 4,  LADO B, CENTRO INFERIOR ;;
153;T10006;ARMARIO 4, PUERTA 4,  LADO B, INFERIOR DERECHO;;
155;T40070;ARMARIO 4, PUERTA 4,  LADO B, INFERIOR DERECHO;;
156;T10249;ARMARIO 4, PUERTA 4.  LADO B, INFERIOR DERECHO;;
157;3399;ARMARIO 4, PUERTA 4,  LADO B, INFERIOR DERECHO;;
158;2036 / 1;ARMARIO 4, PUERTA 4,  LADO B, INFERIOR DERECHO;;
159;3090;ARMARIO 4, PUERTA 4,  LADO B, INFERIOR DERECHO;;
160;VAG1687 / 13-2;ARMARIO 4, PUERTA 4,  LADO B, INFERIOR IZQUIERDO;;
161;2036;ARMARIO 4, PUERTA 4,  LADO B, INFERIOR DERECHO;;
162;3307;ARMARIO 4, PUERTA 4,  LADO B, INFERIOR IZQUIERDO;;
163;VW541 / 1 A;ARMARIO 4, PUERTA 4,  LADO B, INFERIOR IZQUIERDO;;
164;10-222 A / 7;ARMARIO 4, PUERTA 4,  LADO B, INFERIOR IZQUIERDO;;
165;VW164-1;ARMARIO 4, PUERTA 3,  LADO C, SUPERIOR DERECHO;;
166;VW3192 / 1;ARMARIO 4, PUERTA 3,  LADO C, SUPERIOR IZQUIERDO;;
168;T10163;ARMARIO 4, PUERTA 3,  LADO C, SUPERIOR IZQUIERDO;;
169;VW426 ;ARMARIO 4, PUERTA 3,  LADO C, SUPERIOR IZQUIERDO;;
171;3373;ARMARIO 4, PUERTA 3,  LADO C, SUPERIOR IZQUIERDO;;
172;3289;ARMARIO 4, PUERTA 3,  LADO C, SUPERIOR DERECHO;;
173;3421;ARMARIO 4, PUERTA 3,  LADO C, SUPERIOR DERECHO;;
174;T10173;ARMARIO 4, PUERTA 3,  LADO C, SUPERIOR DERECHO;;
176;T10167;ARMARIO 4, PUERTA 3,  LADO C, SUPERIOR DERECHO;;
177;T10115;ARMARIO 4, PUERTA 3,  LADO C, SUPERIOR DERECHO;;
178;3358;ARMARIO 4, PUERTA 3,  LADO C SUPERIOR DERECHO;;
179;T40069;ARMARIO 4, PUERTA 3,  LADO C SUPERIOR DERECHO;;
180;VAG1755;ARMARIO 4, PUERTA 2,  LADO C, SUPERIOR IZQUIERDO;;
181;T10219 / 2;ARMARIO 4, PUERTA 3,  LADO C, SUPERIOR IZQUIERDO;;
182;3362 / 1;ARMARIO 4, PUERTA 3,  LADO C, SUPERIOR DERECHO;;
183;VW439;ARMARIO 4, PUERTA 3,  LADO C, SUPERIOR DERECHO;;
184;T10055 / 3;ARMARIO 4, PUERTA 3,  LADO C, SUPERIOR DERECHO;;
185;T10053 / 1;ARMARIO 4, PUERTA 3,  LADO C, SUPERIOR DERECHO;;
186;VW541 / 6;ARMARIO 4, PUERTA 3,  LADO C, SUPERIOR DERECHO;;
187;VW541 / 5;ARMARIO 4, PUERTA 3,  LADO C, SUPERIOR DERECHO;;
188;T10096;ARMARIO 4, PUERTA 3,  LADO C, SUPERIOR DERECHO;;
189;3241 / 1;ARMARIO 4, PUERTA 3,  LADO C, SUPERIOR IZQUIERDO;;
190;T40008;ARMARIO 4, PUERTA 3,  LADO C, SUPERIOR IZQUIERDO;;
191;3305;ARMARIO 4, PUERTA 2,  LADO C, SUPERIOR IZQUIERDO;;
192;T10082;ARMARIO 4, PUERTA 3,  LADO C, SUPERIOR IZQUIERDO;;
193;VW160;ARMARIO 4, PUERTA 3,  LADO C, SUPERIOR IZQUIERDO;;
194;VAG1687 / 6;ARMARIO 4, PUERTA 3,  LADO C, SUPERIOR CENTRO;;
195;T10039 / 1;ARMARIO 4, PUERTA 3,  LADO C, SUPERIOR DERECHO;;
196;3117;ARMARIO 4, PUERTA 3,  LADO C, CENTRO IZQUIERDO;;
197;2068A;ARMARIO 4, PUERTA 3,  LADO C, CENTRO IZQUIERDO;;
198;3410;ARMARIO 4, PUERTA 3, LADO C, CENTRO CENTRO.;;
199;T10145;ARMARIO 4, PUERTA 3, LADO C, CENTRO CENTRO.;;
200;VW522;ARMARIO 4, PUERTA 3,  LADO C, CENTRO IZQUIERDO;;
201;2597;ARMARIO 4, PUERTA 3,  LADO C, CENTRO CENTRO;;
202;T10385;ARMARIO 4, PUERTA 3,  LADO C, CENTRO IZQUIERDO;;
203;40105;ARMARIO 4, PUERTA 3,  LADO C, CENTRO IZQUIERDO;;
204;2040;ARMARIO 4, PUERTA 3,  LADO C, CENTRO IZQUIERDO;;
205;T10128;ARMARIO 4, PUERTA 3,  LADO C, CENTRO IZQUIERDO;;
206;30-555;ARMARIO 4, PUERTA 3,  LADO C, CENTRO IZQUIERDO;;
207;T10080;ARMARIO 4, PUERTA 3,  LADO C, CENTRO IZQUIERDO;;
208;T10070;ARMARIO 4, PUERTA 3,  LADO C, CENTRO DERECHO;;
209;T10303;ARMARIO 4, PUERTA 3,  LADO C, CENTRO DERECHO;;
210;T10010;ARMARIO 4, PUERTA 3,  LADO C, CENTRO DERECHO;;
211;T10020;ARMARIO 4, PUERTA 3,  LADO C, CENTRO DERECHO;;
212;3002;ARMARIO 4, PUERTA 3,  LADO C, CENTRO IZQUIERDO;;
213;6291/2;ARMARIO 4, PUERTA 3, LADO C, CENTRO IZQUIERDO;;
214;VW521;ARMARIO 4, PUERTA 3,  LADO C, CENTRO DERECHO;;
215;VW771;ARMARIO 4, PUERTA 3,  LADO C, SUPERIOR IZQUIERDO;;
216;T10081;ARMARIO 4, PUERTA 3,  LADO C, CENTRO IZQUIERDO;;
217;VW066;ARMARIO 4, PUERTA 3,  LADO C, CENTRO DERECHO;;
218;T10053 / 2;ARMARIO 4, PUERTA 3,  LADO C, SUPERIOR DERECHO;;
219;VW510 B/4;ARMARIO 4, PUERTA 3,  LADO C, INFERIOR IZQUIERDO;;
220;T10084 A;ARMARIO 4, PUERTA 3,  LADO C, INFERIOR IZQUIERDO;;
221;3070;ARMARIO 4, PUERTA 3,  LADO C, INFERIOR IZQUIERDO;;
222;VAS6418 / 1;ARMARIO 4, PUERTA 3,  LADO C, INFERIOR CENTRO;;
224;3299;ARMARIO 4, PUERTA 3,  LADO C, INFERIOR DERECHO;;
226;T10355;ARMARIO 4, PUERTA 3,  LADO C, INFERIOR IZQUIERDO;;
227;3364;ARMARIO 4, PUERTA 3,  LADO C, INFERIOR IZQUIERDO;;
228;VW296;ARMARIO 4, PUERTA 3,  LADO C, INFERIOR DERECHO;;
229;VW5309 / 9;ARMARIO 4, PUERTA 3,  LADO D, SUPERIOR IZQUIERDO;;
230;VAG 1634;ARMARIO 4, PUERTA 3,  LADO D, SUPERIOR DERECHO;;
231;4220;ARMARIO 4, PUERTA 3,  LADO D, SUPERIOR IZQUIERDO;;
232;VAS 6330;ARMARIO 4, PUERTA 3,  LADO D, SUPERIOR DERECHO;;
233;3424;ARMARIO 4, PUERTA 3,  LADO D, SUPERIOR CENTRO;;
234;3032;ARMARIO 4, PUERTA 2,  LADO D, SUPERIOR DERECHO;;
235;VW547;ARMARIO 4, PUERTA 3,  LADO D, SUPERIOR DERECHO;;
236;T40011;ARMARIO 4, PUERTA 3,  LADO D, SUPERIOR IZQUIERDO;;
237;VAG1941;ARMARIO 4, PUERTA 3,  LADO D, SUPERIOR DERECHO;;
238;VW5693 / 6;ARMARIO 4, PUERTA 3,  LADO D, SUPERIOR IZQUIERDO;;
240;T10187;ARMARIO 4, PUERTA 3,  LADO D, CENTRO CENTRO;;
241;T10406;ARMARIO 4, PUERTA 3,  LADO D, CENTRO DERECHO;;
242;T10086;ARMARIO 4, PUERTA 3,  LADO D, SUPERIOR DERECHO;;
243;T10392;ARMARIO 4, PUERTA 3,  LADO D, SUPERIOR DERECHO;;
244;T10382/3;ARMARIO 4, PUERTA 3,  LADO D, CENTRO DERECHO;;
245;T10352/2;ARMARIO 4, PUERTA 3,  LADO D, CENTRO DERECHO;;
247;T10352C;ARMARIO 4, PUERTA 3,  LADO D, CENTRO DERECHO;;
249;3282 / 29;ARMARIO 4, PUERTA 3,  LADO D, CENTRO DERECHO;;
250;T10085;ARMARIO 4, PUERTA 3,  LADO D, CENTRO DERECHO;;
251;VAG1332 / 11;ARMARIO 4, PUERTA 3,  LADO D, CENTRO DERECHO;;
252;T40019;ARMARIO 4, PUERTA 3,  LADO D, SUPERIOR IZQUIERDO;;
253;VW244 B;ARMARIO 4, PUERTA 3,  LADO D, CENTRO DERECHO;;
254;VAG1582 / 7;ARMARIO 4, PUERTA 3,  LADO D, CENTRO CENTRO;;
255;VAG1582 / 5;ARMARIO 4, PUERTA 3,  LADO D, CENTRO IZQUIERDO;;
256;T40087;ARMARIO 4, PUERTA 3, LADO D, CENTRO DERECHO;;
257;VAG1582 / 3;ARMARIO 4, PUERTA 3,  LADO D, CENTRO DERECHO;;
259;3005;ARMARIO 4, PUERTA 3,  LADO D, CENTRO IZQUIERDO;;
260;3300 A;ARMARIO 4, PUERTA 3,  LADO D, CENTRO IZQUIERDO;;
261;VW2024 / A / L;ARMARIO 4, PUERTA 3,  LADO D, CENTRO IZQUIERDO;;
262;VW5321 / 9;ARMARIO 4, PUERTA 3,  LADO D, CENTRO IZQUIERDO;;
263;VAG1582 / 4;ARMARIO 4, PUERTA 3,  LADO D, CENTRO IZQUIERDO;;
264;2050;ARMARIO 4, PUERTA 3,  LADO D, CENTRO IZQUIERDO;;
265;5161 / 23;ARMARIO 4, PUERTA 3,  LADO D, INFERIOR IZQUIERDO;;
267;10-222 A / 1;ARMARIO 4, PUERTA 3,  LADO D, INFERIOR DERECHO;;
268;10-222 A / 6;ARMARIO 4, PUERTA 3,  LADO D, INFERIOR IZQUIERDO;;
269;T10486 A;ARMARIO 4, PUERTA 3,  LADO D, INFERIOR CENTRO;;
270;10-222 A / 5;ARMARIO 4, PUERTA 3,  LADO D, CENTRO DERECHO;;
271;T10383;ARMARIO 4, PUERTA 3,  LADO D, INFERIOR DERECHO;;
272;T40233;ARMARIO 4, PUERTA 3, LADO D, INFERIOR IZQUIERDO;;
273;VAG1682 / A;ARMARIO 4, PUERTA 3,  LADO D, INFERIOR DERECHO;;
274;3256;ARMARIO 4, PUERTA 3,  LADO D, INFERIOR DERECHO;;
275;10-222 A / 26;ARMARIO 4, PUERTA 2,  LADO E, SUPERIOR IZQUIERDO;;
276;10-222 A / 18;ARMARIO 4, PUERTA 2,  LADO E, SUPERIOR IZQUIERDO;;
277;T40265;ARMARIO 4, PUERTA 2,  LADO E, SUPERIOR IZQUIERDO;;
279;VAG1719;ARMARIO 4, PUERTA 2,  LADO E, SUPERIOR CENTRO;;
280;T10255;ARMARIO 4, PUERTA 2,  LADO E, SUPERIOR CENTRO;;
281;VAG1925 / 6;ARMARIO 4, PUERTA 2,  LADO E, SUPERIOR DERECHO;;
282;VAG1719 / 2;ARMARIO 4, PUERTA 2,  LADO E, SUPERIOR DERECHO;;
283;3161;ARMARIO 4, PUERTA 2,  LADO E, SUPERIOR DERECHO;;
284;VAG1925 / 3;ARMARIO 4, PUERTA 2,  LADO E, SUPERIOR DERECHO;;
285;VAG 1925 / 4;ARMARIO 4, PUERTA 2,  LADO E, SUPERIOR DERECHO;;
286;VAG1582 / 0;ARMARIO 4, PUERTA 2,  LADO E, SUPERIOR DERECHO;;
287;T10364;ARMARIO 4, PUERTA 2,  LADO E, SUPERIOR DERECHO;;
288;T10392 / 1;ARMARIO 4, PUERTA 2,  LADO E, SUPERIOR CENTRO;;
289;10-222 A / 3;ARMARIO 4, PUERTA 2,  LADO E, SUPERIOR IZQUIERDO;;
290;3320 / 1;ARMARIO 4, PUERTA 2,  LADO E, SUPERIOR IZQUIERDO;;
291;3371;ARMARIO 4, PUERTA 2,  LADO E, SUPERIOR IZQUIERDO;;
292;VW771 / 51;ARMARIO 4, PUERTA 2,  LADO E, SUPERIOR CENTRO;;
293;2007;ARMARIO 4, PUERTA 2,  LADO E, SUPERIOR CENTRO;;
294;VAG1561;ARMARIO 4, PUERTA 2,  LADO E, SUPERIOR DERECHO;;
295;T10394;ARMARIO 4, PUERTA 2,  LADO E, SUPERIOR DERECHO;;
296;VAG1332 / 6;ARMARIO 4, PUERTA 2,  LADO E, SUPERIOR DERECHO;;
297;VW653 / 3;ARMARIO 4, PUERTA 2,  LADO E, SUPERIOR DERECHO;;
298;VW402;ARMARIO 4, PUERTA 2,  LADO E, CENTRO IZQUIERDO;;
299;VW558;ARMARIO 4, PUERTA 2,  LADO E, CENTRO CENTRO;;
300;VW353;ARMARIO 4, PUERTA 2,  LADO E, CENTRO IZQUIERDO;;
301;VW637 / 2;ARMARIO 4, PUERTA 2,  LADO E, CENTRO DERECHO;;
302;VW5340;ARMARIO 4, PUERTA 2,  LADO E, CENTRO DERECHO;;
303;30211A;ARMARIO 4, PUERTA 2,  LADO E, CENTRO IZQUIERDO;;
304;T10508;ARMARIO 4, PUERTA 2,  LADO E, CENTRO CENTRO;;
305;VAG1561 / 10;ARMARIO 4, PUERTA 2,  LADO E, CENTRO CENTRO;;
306;T40218;ARMARIO 4, PUERTA 2, LADO E, CENTRO CENTRO;;
307;VW2024 A;ARMARIO 4, PUERTA 2,  LADO E, CENTRO DERECHO;;
308;T10487;ARMARIO 4, PUERTA 2,  LADO E, CENTRO CENTRO;;
309;VAS6418 / 2;ARMARIO 4, PUERTA 2,  LADO E, INFERIOR IZQUIERDO;;
310;VW222 A;ARMARIO 4, PUERTA 2,  LADO E, INFERIOR IZQUIERDO;;
311;VW771 / 1;ARMARIO 4, PUERTA 2,  LADO E, INFERIOR IZQUIERDO;;
312;10-222 A / 4;ARMARIO 4, PUERTA 2,  LADO E, INFERIOR IZQUIERDO;;
313;3283;ARMARIO 4, PUERTA 2,  LADO E, INFERIOR IZQUIERDO;;
314;3415;ARMARIO 4, PUERTA 2,  LADO E, INFERIOR DERECHO;;
315;T10244;ARMARIO 4, PUERTA 2,  LADO E, INFERIOR IZQUIERDO;;
316;T10065 / 1;ARMARIO 4, PUERTA 2,  LADO E, INFERIOR DERECHO;;
317;T10262;ARMARIO 4, PUERTA 2,  LADO E, INFERIOR DERECHO;;
318;T10149;ARMARIO 4, PUERTA 2,  LADO E, INFERIOR DERECHO;;
319;3140;ARMARIO 4, PUERTA 2,  LADO F, SUPERIOR IZQUIERDO;;
320;10220;ARMARIO 4, PUERTA 2,  LADO F, SUPERIOR IZQUIERDO;;
321;T10065 / 2;ARMARIO 4, PUERTA 2,  LADO F, SUPERIOR IZQUIERDO;;
322;T10065 / 3;ARMARIO 4, PUERTA 2,  LADO F, SUPERIOR IZQUIERDO;;
323;T10065 / 4;ARMARIO 4, PUERTA 2,  LADO F, SUPERIOR DERECHO;;
324;T10360;ARMARIO 4, PUERTA 2,  LADO F, SUPERIOR CENTRO;;
325;3416 / 2;ARMARIO 4, PUERTA 2, LADO F, SUPERIOR CENTRO;;
326;VAS 6339;ARMARIO 4, PUERTA 2,  LADO F, SUPERIOR DERECHO;;
327;T10456;ARMARIO 4, PUERTA 2,  LADO F, SUPERIOR DERECHO;;
328;3372 / 2;ARMARIO 4, PUERTA 2,  LADO F, SUPERIOR IZQUIERDO;;
329;T10030 / 5;ARMARIO 4, PUERTA 2,  LADO F, SUPERIOR DERECHO;;
330;3439;ARMARIO 4, PUERTA 2,  LADO F, SUPERIOR DERECHO;;
331;T10030 / 1 A;ARMARIO 4, PUERTA 2,  LADO F, SUPERIOR IZQUIERDO;;
332;3301;ARMARIO 4, PUERTA 3,  LADO F, SUPERIOR CENTRO;;
333;T10214 / 3;ARMARIO 4, PUERTA 2,  LADO F, SUPERIOR IZQUIERDO;;
334;T10064 / 4;ARMARIO 4, PUERTA 2,  LADO F, SUPERIOR IZQUIERDO;;
335;T10064 / 2;ARMARIO 4, PUERTA 2,  LADO F, SUPERIOR IZQUIERDO;;
336;T10214 / 1;ARMARIO 4, PUERTA 2,  LADO F, SUPERIOR IZQUIERDO;;
337;T10030 / 2;ARMARIO 4, PUERTA 2,  LADO F, SUPERIOR IZQUIERDO;;
338;T10030 / 6;ARMARIO 4, PUERTA 2,  LADO F, SUPERIOR DERECHO;;
339;3301/4;ARMARIO 4, PUERTA 2,  LADO F, SUPERIOR IZQUIERDO;;
340;T10064 / 1;ARMARIO 4, PUERTA 2,  LADO F, SUPERIOR DERECHO;;
341;3093;ARMARIO 4, PUERTA 3,  LADO F, SUPERIOR DERECHO;;
342;T10030 / 4;ARMARIO 4, PUERTA 2,  LADO F, SUPERIOR DERECHO;;
343;KL1590;ARMARIO 4, PUERTA 2,  LADO F, CENTRO DERECHO;;
344;T10527;ARMARIO 4, PUERTA 2,  LADO F, SUPERIOR DERECHO;;
345;T10214 / 2;ARMARIO 4, PUERTA 2,  LADO F, SUPERIOR DERECHO;;
346;T40022 / 1;ARMARIO 4, PUERTA 2,  LADO F, SUPERIOR IZQUIERDO;;
347;T10244 / 1;ARMARIO 4, PUERTA 2,  LADO F, SUPERIOR IZQUIERDO;;
348;VW401;ARMARIO 4, PUERTA 2,  LADO F, CENTRO IZQUIERDO;;
349;VAG1752 / 4;ARMARIO 4, PUERTA 2,  LADO F, CENTRO IZQUIERDO;;
350;VAG1752 / 3A;ARMARIO 4, PUERTA 2,  LADO F, CENTRO DERECHO;;
351;VAS6046 / 3;ARMARIO 4, PUERTA 2,  LADO F, CENTRO DERECHO;;
352;T10485 A;ARMARIO 4, PUERTA 2,  LADO F, CENTRO DERECHO;;
353;VAG1752 / 5;ARMARIO 4, PUERTA 2,  LADO F, CENTRO DERECHO;;
355;T10064 / 3 A;ARMARIO 4, PUERTA 2,  LADO F, INFERIOR DERECHO;;
356;T10134;ARMARIO 4, PUERTA 2,  LADO F, CENTRO IZQUIERDO;;
357;T40022;ARMARIO 4, PUERTA 2,  LADO F, INFERIOR IZQUIERDO;;
358;3372;ARMARIO 4, PUERTA 2,  LADO F, INFERIOR IZQUIERDO;;
359;T10244 / 3;ARMARIO 4, PUERTA 2,  LADO F, INFERIOR DERECHO;;
360;T10064 / 5;ARMARIO 4, PUERTA 2,  LADO F, INFERIOR DERECHO;;
361;T10064 / 6 A;ARMARIO 4, PUERTA 2,  LADO F, INFERIOR DERECHO;;
362;3372/1;ARMARIO 4, PUERTA 2,  LADO F, INFERIOR IZQUIERDO;;
363;T10030 / 3;ARMARIO 4, PUERTA 2,  LADO F, INFERIOR CENTRO;;
364;3067;ARMARIO 4, PUERTA 2,  LADO F, INFERIOR DERECHO;;
365;10 - 222 A / 22;ARMARIO 4, PUERTA 2,  LADO F, INFERIOR CENTRO;;
366;8223;ARMARIO 4, PUERTA 2,  LADO F, INFERIOR IZQUIERDO;;
367;T40310;ARMARIO 4, PUERTA 1, LADO G, SUPERIOR IZQUIERDO;;
368;VW 010 206;ARMARIO 4, PUERTA 1, LADO G, SUPERIOR IZQUIERDO;;
369;T10356/1/2../8;ARMARIO 4, PUERTA 1,  LADO G, SUPERIOR MEDIO;;
370;VW385/17;ARMARIO 4, PUERTA 1,  LADO G, SUPERIOR IZQUIERDO;;
371;10-201;ARMARIO 4, PUERTA 1,  LADO G, SUPERIOR IZQUIERDO;;
372;VW5552;ARMARIO 4, PUERTA 1, LADO G, SUPERIOR MEDIO;;
373;T02004;ARMARIO 4, PUERTA1, LADO G, SUPERIOR DERECHO;;
374;T10172/6;ARMARIO 4, PUERTA 1,  LADO G, SUPERIOR DERECHO;;
375;T10133/19;ARMARIO 4. PUERTA 1. LADO G, SUPERIOR DERECHO;;
376;3190;ARMARIO 4, PUERTA 1,  LADO G, SUPERIOR IZQUIERDO;;
377;T10491;ARMARIO 4, PUERTA 1,  LADO G, SUPERIOR IZQUIERDO;;
378;T40309;ARMARIO 4, PUERTA 1,  LADO G, SUPERIOR IZQUIERDO;;
379;T40100;ARMARIO 4, PUERTA 1,  LADO G, SUPERIOR CENTRO;;
380;3346/1;ARMARIO 4, PUERTA 1,  LADO G, CENTRO CENTRO;;
381;T10083;ARMARIO 4, PUERTA 1,  LADO G, CENTRO CENTRO;;
382;T40091A;ARMARIO 4, PUERTA 1. LADO G. CENTRO DERECHO;;
383;T10262;ARMARIO 4, PUERTA 1,  LADO G, CENTRO IZQUIERDO;;
384;T40013;ARMARIO 4, PUERTA 1, LADO G, CENTRO DERECHO;;
385;VW5456;ARMARIO 4, PUERTA 1,  LADO G, CENTRO IZQUIERDO;;
386;T10475;ARMARIO 4, PUERTA 1, LADO G, CENTRO IZQUIERDO;;
387;T10202;ARMARIO 4, PUERTA 1,  LADO G, CENTRO IZQUIERDO;;
388;T10497/4;ARMARIO 4, PUERTA 1,  LADO G, CENTRO CENTRO;;
389; T40292;ARMARIO 4, PUERTA 1,  LADO G, CENTRO CENTRO;;
390;3145;ARMARIO 4, PUERTA 1,  LADO G, CENTRO DERECHO;;
391;10-222A/29;ARMARIO 4, PUERTA 1,  LADO G, CENTRO IZQUIERDO;;
392;VAG1332/12;ARMARIO 4, PUERTA 1,  LADO G, CENTRO CENTRO;;
393;T40267;ARMARIO 4, PUERTA 1, LADO G, CENTRO CENTRO;;
394;VAS6523;ARMARIO 4, PUERTA 1, LADO G, CENTRO CENTRO;;
395;T10504;ARMARIO 4, PUERTA 1, LADO G, CENTRO CENTRO;;
396;T10534;ARMARIO 4, PUERTA 1,  LADO G, CENTRO DERECHO;;
397;VAS5570;ARMARIO 4, PUERTA 1,  LADO G, INFERIOR DERECHO;;
398; 3282 / 1 - 4;ARMARIO 4, PUERTA 1,  LADO G, INFERIOR CENTRO;;
399; 3282 2 / 11 / 13 / 67;ARMARIO 4, PUERTA 1, LADO G, INFERIOR IZQUIERDO;;
400;T20143 /1 /2;ARMARIO 4, PUERTA 1, LADO G, SUPERIOR DERECHO;;
409;VW387;ARMARIO 4, PUERTA 1, LADO H, SUPERIOR IZQUIERDO;;
410;T10549;ARMARIO 4, PUERTA 1,  LADO H, SUPERIOR IZQUIERDO;;
411;VW415A;ARMARIO 4. PUERTA 1, LADO H, SUPERIOR CENTRO;;
412;T40243;ARMARIO 4. PUERTA 1, LADO H, SUPERIOR CENTRO;;
413;4021;ARMARIO 4, PUERTA 1 LADO H, SUPERIOR CENTRO;;
414;T10421;ARMARIO 4, PUERTA 1, LADO H, SUPERIOR CENTRO;;
415;T20143/1/2;ARMARIO 4, PUERTA 1, LADO H, SUPERIOR CENTRO;;
416;T10094A;ARMARIO 4, PUERTA 1,  LADO H, SUPERIOR DERECHO;;
417;T40266;ARMARIO 4, PUERTA 1, LADO H, SUPERIOR DERECHO;;
418;T40271/1/2;ARMARIO 4, PUERTA 1,  LADO H, SUPERIOR DERECHO;;
419;T10060A;ARMARIO 4, PUERTA 1,  LADO H, SUPERIOR DERECHO;;
420;T40298/1;ARMARIO 4, PUERTA 1, LADO H, SUPERIOR IZQUIERDO;;
421;T40384;ARMARIO 4, PUERTA 1, LADO H, SUPERIOR IZQUIERDO;;
422;T40320/1/2/3;ARMARIO 4, PUERTA 1, LADO H, SUPERIOR CENTRO;;
470;T10420;ARMARIO 4, PUERTA 1, LADO H, SUPERIOR CENTRO;;
471;30-100;ARMARIO 4, PUERTA 1, LADO H, SUPERIOR CENTRO;;
472;T10465;ARMARIO 4, PUERTA 1, LADO H, SUPERIOR DERECHO;;
473;2003/2A;ARMARIO 4, PUERTA 1, LADO H, SUPERIOR DERECHO;;
474; 2003 / 1 / 2;ARMARIO 4, PUERTA 1, LADO H, SUPERIOR DERECHO;;
476;T10095A;ARMARIO 4, PUERTA 1, LADO H, CENTRO  IZQUIERDO;;
477;T10236;ARMARIO 4, PUERTA 1,  LADO H, CENTRO IZQUIERDO;;
478;T10179;ARMARIO 4, PUERTA 1,  LADO H, CENTRO CENTRO;;
479;T50069;ARMARIO 4, PUERTA1,  LADO H, CENTRO CENTRO;;
480;T40245;ARMARIO 4, PUERTA1,  LADO H, CENTRO CENTRO;;
481;VAS6845;ARMARIO 4, PUERTA1,  LADO H, CENTRO CENTRO;;
482;T10061;ARMARIO 4, PUERTA1,  LADO H, CENTRO CENTRO;;
483;T10473;ARMARIO 4, PUERTA1,  LADO H,  CENTRO CENTRO;;
484;T10518A;ARMARIO 4, PUERTA1,  LADO H, CENTRO DERECHO;;
487;T10407;ARMARIO 4, PUERTA1,  LADO H, CENTRO DERECHO;;
488;T10376;ARMARIO 4, PUERTA1,  LADO H, CENTRO IZQUIERDO;;
489;T10558A;ARMARIO 4, PUERTA1,  LADO H, CENTRO IZQUIERDO;;
498;T10022;ARMARIO 4, PUERTA1,  LADO H, CENTRO IZQUIERDO;;
499;T10027 A;ARMARIO 4, PUERTA1,  LADO H, CENTRO CENTRO;;
500;T10370;ARMARIO 4, PUERTA1,  LADO H, CENTRO DERECHO;;
510;T10538;ARMARIO 4, PUERTA1,  LADO H, CENTRO CENTRO;;
511;VW001Z;ARMARIO 4, PUERTA1,  LADO H, CENTRO CENTRO;;
512;T40098;ARMARIO 4, PUERTA1,  LADO H, CENTRO CENTRO;;
513;T40049;ARMARIO 4, PUERTA1,  LADO H, CENTRO CENTRO;;
514;T10388;ARMARIO 4, PUERTA1,  LADO H, CENTRO DERECHO;;
515;3150;ARMARIO 4, PUERTA1,  LADO H, CENTRO DERECHO;;
516;T10172A;ARMARIO 4, PUERTA1,  LADO H, CENTRO CENTRO;;
519;VAS294019/1/2/3;ARMARIO 4, PUERTA1,  LADO H, INFERIOR IZQUIERDO;;
521;T10254;ARMARIO 4, PUERTA1,  LADO H, INFERIOR CENTRO;;
522;T10361A;ARMARIO 4, PUERTA1,  LADO H, INFERIOR DERECHO;;
528;VW408A;ARMARIO 4, PUERTA1,  LADO H, INFERIOR IZQUIERDO;;
529;VAS251-621;ARMARIO 4, PUERTA1,  LADO H, INFERIOR CENTRO;;
530;T40313;ARMARIO 4, PUERTA1,  LADO H, INFERIOR CENTRO;;
531;VW207;ARMARIO 4, PUERTA1,  LADO H, INFERIOR DERECHO;;
532;T10525;ARMARIO 4, PUERTA1,  LADO H, INFERIOR DERECHO;;
533;T10252;ARMARIO 4, PUERTA1,  LADO H, INFERIOR DERECHO;;
535;PINZA TAPIZADO;ARMARIO 4, PUERTA 1, LADO H, INFERIOR DERECHO;;
534;6280-1CT;ARMARIO 4, PUERTA1,  LADO H, INFERIOR CENTRO;;
536;T10545;ARMARIO 4, PUERTA 1, LADO H, INFERIOR DERECHO;;
537;VW382;ARMARIO 4, PUERTA 1, LADO H, INFERIOR DERECHO;;
538;3212;ARMARIO 4, PUERTA 1, LADO H, INFERIOR DERECHO;;
558;T40280;ARMARIO 4, PUERTA1,  LADO H, CENTRO DERECHO;;
559;VAS 251621;ARMARIO 4, PUERTA1,  LADO H, INFERIOR  CENTRO;;
562;T10479B;ARMARIO 1, PUERTA 3, LADO D, CENTRO DERECHA;;
564;VAS 251 401;ARMARIO 1, PUERTA 3, LADO D, CENTRO DERECHA;;
565;T10530;ARMARIO 4, PUERTA1,  LADO H, CENTRO  DERECHO;;
566;T10468;ARMARIO 4, PUERTA2,  LADO E, CENTRO  CENTRO;;
567;VW423;ARMARIO 4, PUERTA1,  LADO H, CENTRO  DEREHO;;
568;VAS 5056/14;ARMARIO 4, PUERTA4,  LADO B, CENTRO  DEREHO;;
569;T40316;ARMARIO 4, PUERTA1,  LADO H, CENTRO SUPERIOR;;
570;T10405;ARMARIO 4, PUERTA2,  LADO F, SUPERIOR DERECHO;;
576;T10459;ARMARIO 4, PUERTA1,  LADO H, SUPERIOR IZQUIERDO;;
577;10-206;ARMARIO 4, PUERTA1,  LADO H, SUPERIOR IZQUIERDO;;
571;T10494;CAJA DE HERRAMIENTAS PARA PUESTA A PUNTO CWS GOLF;;
;T10476 ;CAJA DE HERRAMIENTAS PARA PUESTA A PUNTO CWS GOLF;;
;T10172;CAJA DE HERRAMIENTAS PARA PUESTA A PUNTO CWS GOLF;;
;T10554;CAJA DE HERRAMIENTAS PARA PUESTA A PUNTO CWS GOLF;;
572;T10050;CAJA DE HERRAMIENTAS PARA PUESTA A PUNTO AMAROK;;
;3359;CAJA DE HERRAMIENTAS PARA PUESTA A PUNTO AMAROK;;
573;T10477;CAJA DE HERRAMIENTAS PARA PUESTA A PUNTO CWS;;
;T10499;CAJA DE HERRAMIENTAS PARA PUESTA A PUNTO CWS;;
;T10500;CAJA DE HERRAMIENTAS PARA PUESTA A PUNTO CWS;;
;T10340;CAJA DE HERRAMIENTAS PARA PUESTA A PUNTO CWS;;
;VAG 1551;SOBRE ARMARIO 4;;
;3253;SOBRE ARMARIO 4;;
;VAS 251419 KUKKO;SOBRE ARMARIO 4;;
;VAS 251411 KUKKO;SOBRE ARMARIO 4;;
;VAS 721001 X 2 ;SOBRE ARMARIO 4;;
;T10520A;SOBRE ARMARIO 4;;
;T10103 ;SOBRE ARMARIO 4;;
;VAS 6430/4;SOBRE ARMARIO 4;;
423;VAG1348;ARMARIO  1 ESTANTE SUPERIOR, LADO IZQUIERDO;;
424;VAG1687;ARMARIO  1  ESTANTE PISO, LADO CENTRO;;
425;VAS6394;ARMARIO  1 ESTANTE SUPERIOR, LADO IZQUIERDO;;
426;VAG1598 / 47;ARMARIO  1 ESTANTE SUPERIOR,  LADO CENTRO;;
427;VAG1598 / 41;ARMARIO  1 ESTANTE SUPERIOR , LADO CENTRO;;
428;VAG1598 / 39;ARMARIO  1 ESTANTE SUPERIOR,  LADO CENTRO;;
429;VAS 6550;ARMARIO 1  ESTANTE INFERIOR,  LADO CENTRO;;
430;VAS 6178;ARMARIO 1 ESTANTE SUPERIOR, LADO DERECHO;;
431;VAG1274 B;ARMARIO 1 ESTANTE SUPERIOR,  LADO DERECHO;;
432;T10531;ARMARIO  1 ESTANTE SUPERIOR,  LADO DERECHO;;
433;T10369;ARMARIO  1 ESTANTE SUPERIOR, LADO DERECHO;;
434;T10133;ARMARIO  1 ESTANTE SUPERIOR,  LADO CENTRO;;
435;T10101A;ARMARIO  1 ESTANTE SUPERIOR,  LADO DERECHO;;
436;T10007 ;ARMARIO  1 ESTANTE SUPERIOR,  LADO  DERECHO;;
437;CAJA VAS5161 / 21;ARMARIO  1 ESTANTE SUPERIOR, LADO DERECHO;;
438;VAS1978 / 35;ARMARIO  1 ESTANTE  CENTRO, LADO CENTRO;;
439;T10001;ARMARIO  1 ESTANTE SUPERIOR, LADO CENTRO;;
440;T10395 A;ARMARIO  1 ESTANTE CENTRO, LADO IZQUIERDO;;
441;VAS6071 MICRO;ARMARIO 1 ESTANTE CENTRO, LADO IZQUIERDO;;
442;VAG6213 / A;ARMARIO 1 ESTANTE CENTRO, LADO IZQUIERDO;;
443;CAJA T10395 B;ARMARIO  1 ESTANTE CENTRO, LADO IZQUIERDO;;
444;VAS5056 / C;ARMARIO  1 ESTANTE CENTRO,  LADO IZQUIERDO;;
445;VAS6122;ARMARIO  1 ESTANTE CENTRO, LADO IZQUIERDO;;
446;T10466;ARMARIO  1 ESTANTE CENTRO, LADO ICENTRO;;
447;VAS5161 A;ARMARIO 1 ESTANTE  CENTRO, LADO CENTRO ;;
448;VAG1474 A;ARMARIO  1 ESTANTE   CENTRO, LADO CENTRO ;;
449;VAG1474 A;ARMARIO  1 ESTANTE  CENTRO, LADO CENTRO;;
450;VAG1397/A;ARMARIO  1 ESTANTE CENTRO, LADO CENTRO;;
451;VAS6096;ARMARIO  1 ESTANTE CENTRO, LADO CENTRO;;
452;VAG1606;ARMARIO  1  ESTANTE CENTRO, LADO CENTRO;;
453;VAS 5187;ARMARIO  1 ESTANTE CENTRO,  LADO DERECHO;;
454;VAS6231;ARMARIO 1 ESTANTE CENTRO, LADO DERECHO;;
455;VAS6154;ARMARIO  1 ESTANTE CENTRO, LADO DERECHO;;
456;VAS6418;ARMARIO 1 ESTANTE CENTRO, LADO DERECHO;;
457;VAS6356;ARMARIO  1 ESTANTE INFERIOR, LADO IZQUIERDO;;
458;VAG1598 ;ARMARIO  1 ESTANTE INFERIOR, LADO IZQUIERDO;;
459;VAS6179;ARMARIO  1 ESTANTE INFERIOR, LADO CENTRO;;
460;VAS 6684;ARMARIO 1 ESTANTE CENTRO, LADO CENTRO ;;
461;3282 / 6;ARMARIO 1 ESTANTE NFERIOR, LADO DERECHO ;;
461;3282 / 10;ARMARIO 1 ESTANTE NFERIOR, LADO DERECHO ;;
461;3282 / 12;ARMARIO 1 ESTANTE NFERIOR, LADO DERECHO ;;
461;3282 / 39;ARMARIO 1 ESTANTE NFERIOR, LADO DERECHO ;;
461;3282 / 5;ARMARIO 1 ESTANTE NFERIOR, LADO DERECHO ;;
461;3282 / 1;ARMARIO 1 ESTANTE NFERIOR, LADO DERECHO ;;
461;3282 / 3;ARMARIO 1 ESTANTE NFERIOR, LADO DERECHO ;;
461;3282 / 4;ARMARIO 1 ESTANTE NFERIOR, LADO DERECHO ;;
461;3282 / 2;ARMARIO 1 ESTANTE NFERIOR, LADO DERECHO ;;
461;3282 / 31;ARMARIO 1 ESTANTE NFERIOR, LADO DERECHO ;;
462;T40095;ARMARIO 1 ESTANTE INFERIOR, LADO CENTRO ;;
462;T40094 A;ARMARIO  1 ESTANTE INFERIOR, LADO CENTRO;;
463;3337;ARMARIO 1 ESTANTE INFERIOR, LADO CENTRO ;;
464;VAG1763;ARMARIO  1 ESTANTE PISO, LADO CENTRO;;
466;VAG1342;ARMARIO 1 ESTANTE PISO, LADO CENTRO ;;
467;TORQUI VAG1331;ARMARIO  1 ESTANTE INFERIOR, LADO IZQUIERDO;;
467;TORQUI VAG1332;ARMARIO  1 ESTANTE INFERIOR, LADO IZQUIERDO;;
467;TORQUI VAG1756 A;ARMARIO  1 ESTANTE INFERIOR, LADO IZQUIERDO;;
467;TORQUI VAS1624;ARMARIO  1 ESTANTE INFERIOR, LADO IZQUIERDO;;
467;VAS6222;ARMARIO  1 ESTANTE INFERIOR, LADO IZQUIERDO;;
470;T10190;ARMARIO  1 ESTANTE SUPERIOR,  LADO DERECHO;;
551;VAS6161;ARMARIO 1, ESTANTE INFERIOR, LADO DERECHO;;
552;T10205A;ARMARIO 1, ESTANTE INFERIOR, LADO DERECHO;;
553;VAG1598;ARMARIO 1, ESTANTE PISO, LADO CENTRO;;
554;VAS6180;ARMARIO 1, ESTANTE PISO, LADO CENTRO;;
555;T10435;ARMARIO 1, ESTANTE PISO, LADO CENTRO;;
556;VAS1978;ARMARIO 1 , ESTANTE PISO, LADO DERECHO;;
557;CARGADOR;ARMARIO1,ESTANTE PISO, LADO IZQUIERDO;;
558;PISTOLA CALOR;ARMARIO 1, ESTANTE PISO, LADO IZQUIERDO;;
559;COMPROBADOR;ARMARIO 1, ESTANTE PISO, LADO IZQUIERDO;;
561;TESTER LAMBDA;ARMARIO 1, TECHO;;
557;CARGADOR;ARMARIO 1, ESTANTE PISO, LADO IZQUIERDO;;
570;T10313;ARMARIO  1 ESTANTE SUPERIOR, LADO IZQUIERDO;;
574;VAS6721;ARMARIO  1 ESTANTE SUPERIOR, LADO CENTRO;;
575;VAS 761 001;ARMARIO  1 ESTANTE SUPERIOR, LADO CENTRO;;
458;VAG1598 A;ARMARIO 1,  EN BOX VAG 1598;;
;VAG1598 / 01;;;
;VAG1598 / 02;;;
;VAG1598 / 03;;;
;VAG1598 / 04;;;
;VAG1598 / 06;;;
;VAG1598 / 07;;;
;VAG1598 / 08;;;
;VAG1598 / 09;;;
;VAG1598 / 10;;;
;VAG1598 / 11;;;
;VAG1598 / 13;;;
;VAG1598 / 18;;;
;VAG1598 / 21;;;
;VAG1598 / 27;;;
;VAG1598 / 41;;;
;VAG1598 / 42;;;
;VAG1655;;;
;VAS5051/66;;;
;VAS5256;;;
;VAS5257;;;
;VAS5258;;;
;VAS5261;;;
;VAS5565;;;
;VAS6229;;;
;VAS6282;;;
;VAS 5570;;;
444;VAS5056/02;ARMARIO 1 CAJA COMPROBADOR AIRBAGS;;
;VAS5094;;;
;VAS5232 / 1;;;
;VW2070;;;
;VAS6046  ;ARMARIO 1  TECHO, COMPRESOR RESORTES;;
;VAS6096 / 1;ARMARIO 1  TECHO, BIDONES PLASTICOS;;
;CAMPAÑA 69AP;ARMARIO 1, ESTANTE CENTRO, CENTRO;;
;T10568;ARMARIO 1, ESTANTE CENTRO, CENTRO;;
;VAS 6161;ARMARIO 1, ESTANTE PISO, LADO IZQUIERDO;;
;3438;GANCHO ;;
;6349;ELIMINADOR DE ADHESIVO DE BAGUETAS, CHAPA;;
;10-222A/10;EN TRAVESA�O PARA SOPORTE DE MOTORES;;
;6230A;TALLER   (BALANCEADORA);;
;VAG1383A ;SOPORTE DE CAJAS;;
;VAG1925;BANCO DE ALINEACION;;
;VAS5055;INTERFAZ DE DIAGNOSTICO ;;
;VAS5234;PURGADOR DE FRENOS;;
;VAS5366;CAJA DE DIAGNOSTICO ;;
;VAS6095, ;PIE BANCO MOTORES;;
;VAS6100;PLUMA;;
;VAS6127 A;OFICINA JEFE DE TALLER;;
;VAS6131 A;MESA HIDRAULICA;;
;VAS6150 A ;HERRAMIENTA DE DIAGNOSTICO ;;
;VAS6381/10;ESTACION DE CARGA A/A;;
;VW540;CENTRO SALA DE MOTORES SOPORTE MOTOR;;
;VW643 / 1;CENTRO SALA DE MOTORES BANCO DE  MOTORES;;
;T15038;SOPORTE DE CAJAS DE VELOCIDAD;;
;10-222 A-12;SALA DE MOTORES;;
;T10038;SALA DE MOTORES, EN PIE DE CAJAS;;
;VAS 5190 A;SALA DE MOTORES, EXTRACTOR DE COMBUSTIBLE;;
;T10012;ENTREPISO;;
;T10108;ENTREPISO;;
;T40093;ARMARIO JAULA;;
;T40093 / 1;ARMARIO JAULA;;
;T40093 / 3 - 4;ARMARIO JAULA;;
;T40093 / 3 - 5;ARMARIO JAULA;;
;T40093 / 3 - 6;ARMARIO JAULA;;
;T40093 / 4;ARMARIO JAULA;;
;T40093 / 6;ARMARIO JAULA;;
;T40093 / 8;ARMARIO JAULA;;
;T40093 / T3 - 2;ARMARIO JAULA;;
;VAS6138 / 8;ARMARIO JAULA ;;
;VAS6180;ARMARIO JAULA ;;
;VW309;ARMARIO JAULA ;;
;3033;ARMARIO JAULA ;;
;3336;ARMARIO JAULA ;;
;10-222A/28;ARMARIO JAULA ;;
563;VAG1869/2;ARMARIO JAULA, CENTRO DERECHO;;
;VAS6131 / 1 / 1  X 2;CAMILLA DE MOTORES;;
;VAS6131 / 3 / 1;CAMILLA DE MOTORES;;
;VAS6131 / 3 / 2;CAMILLA DE MOTORES;;
;VAS6131 / 4 / 2  X 2;CAMILLA DE MOTORES;;
;VAS6131 / 4 / 3 / 1;CAMILLA DE MOTORES;;
;VAS6131 / 4/ 1;CAMILLA DE MOTORES;;
;VAS6131 / 6 / 1;CAMILLA DE MOTORES;;
;VAS6131 / 6 / 2;CAMILLA DE MOTORES;;
;VAS6131 / 6 / 5  X 2;CAMILLA DE MOTORES;;
;VAS6131 / 6 / 6  X 2;CAMILLA DE MOTORES;;
;VAS6131/1-5;CAMILLA DE MOTORES;;
;VAS6131/1-6;CAMILLA DE MOTORES;;
;VAS 6087;CALIBRE PROFUNDIDAD. OFICINA TALLER;;
;VAS 5055/4;LECTOR PARA HERRAMIENTA DIAG. OFICINA TALLER;;
;VAS 761 001;CAJA DE COMPRESORES PINZAS DE FRENO;;
;VAS 6622 A;DRENADOR DE ACEITE MOTOR;;
;3122 B;SACABUJIAS;;
;VAS6079;COMPARADOR;;
;VAS5903;CARGADOR DE BATERIA;;
;1922;EXTRACTOR DE CABLES DE BUJIAS;;
SALA ARCHIVO;VAG 1310;VERIFICADOR PRESION ABS;;
;VAS6430/3;COMPLEMENTO ALINEADORA DE CAMARA RETROCESO;;
;VAS6430/1A;COMPLEMENTO ALINEADORA DE CAMARA RETROCESO;;
;VAS6430/8;COMPLEMENTO ALINEADORA DE CAMARA RETROCESO;;
;VAS 761 001;HERRAMIENTA PARA DESMONTAR FRENOS OFICINA TALLER;;